index,customer_id,churned,prediction
0,8670-ERCJH,0,0
1,0356-ERHVT,0,0
2,4786-UKSNZ,1,0
3,5945-AZYHT,0,0
4,4432-ADRLB,1,0
5,4378-BZYFP,0,0
6,4580-TMHJU,1,0
7,6120-RJKLU,0,0
8,7579-KKLOE,0,0
9,1273-MTETI,1,1
10,7824-PANSQ,0,0
11,3523-QRQLL,1,0
12,1352-VHKAJ,0,0
13,5346-BZCHP,0,0
14,2592-SEIFQ,1,0
15,2272-JKMSI,0,0
16,6421-SZVEM,0,0
17,7048-GXDAY,0,0
18,1557-EMYVT,0,0
19,2189-UXTKY,1,0
20,8344-WFMFH,0,0
21,7968-QUXNS,0,0
22,5063-IUOKK,0,0
23,0853-TWRVK,0,0
24,7249-WBIYX,1,1
25,6260-ONULR,0,0
26,3014-WJKSM,0,0
27,2483-XSSMZ,0,0
28,3354-OADJP,0,0
29,0259-GBZSH,1,1
30,5906-CVLHP,1,0
31,3780-DDGSE,0,0
32,4385-GZQXV,1,1
33,2468-SJFLM,0,1
34,1840-BIUOG,0,0
35,5583-SXDAG,1,1
36,2344-JMOGN,1,1
37,3941-XTSKM,0,0
38,2848-YXSMW,0,0
39,2190-BCXEC,0,0
40,3398-GCPMU,0,0
41,3334-CTHOL,1,0
42,2920-RNCEZ,0,1
43,8402-OOOHJ,0,0
44,5149-CUZUJ,0,0
45,9347-AERRL,0,0
46,7608-RGIRO,0,0
47,5140-FOMCQ,0,0
48,7402-EYFXX,0,1
49,8178-EYZUO,1,0
50,0187-WZNAB,0,0
51,7032-LMBHI,0,0
52,6908-VVYHM,0,0
53,5857-XRECV,0,0
54,8591-NXRCV,0,0
55,4504-YOULA,0,0
56,6048-NJXHX,0,0
57,6898-MDLZW,0,0
58,4522-XRWWI,0,0
59,4706-AXVKM,1,1
60,0461-CVKMU,1,0
61,5334-AFQJB,0,0
62,9134-CEQMF,1,1
63,7359-SSBJK,1,0
64,6288-LBEAR,0,0
65,8949-JTMAY,1,0
66,1685-VAYJF,0,0
67,4012-YCFAI,0,0
68,8735-SDUFN,0,0
69,7517-LDMPS,0,1
70,0235-KGSLC,1,1
71,7234-FECYN,1,1
72,5084-OOVCJ,0,0
73,5010-IPEAQ,0,0
74,1064-FBXNK,0,0
75,1049-FYSYG,0,0
76,2205-YMZZJ,1,1
77,0268-QKIWO,1,0
78,7767-UXAGJ,1,0
79,6671-NGWON,0,0
80,5092-STPKP,0,0
81,2018-PZKMU,0,1
82,6838-HVLXG,0,0
83,0848-SOMKO,0,0
84,5789-LDFXO,0,0
85,3104-OWCGK,1,0
86,9860-LISIZ,0,0
87,4911-BANWH,1,0
88,4134-BSXLX,0,0
89,1080-BWSYE,0,0
90,6435-SRWBJ,0,1
91,4210-QFJMF,1,1
92,8364-TRMMK,1,0
93,6407-GSJNL,0,0
94,9143-CANJF,0,0
95,0913-XWSCN,0,0
96,9770-KXGQU,0,0
97,4833-QTJNO,0,0
98,6618-RYATB,1,1
99,1465-LNTLJ,0,0
100,9169-BSVIN,0,0
101,5016-IBERQ,0,0
102,9469-WEJBT,0,0
103,5119-KEPFY,0,0
104,9766-HGEDE,0,0
105,2911-IJORQ,0,0
106,9500-LTVBP,0,0
107,8720-RQSBJ,0,1
108,5828-DWPIL,0,0
109,7542-CYDDM,0,0
110,6762-NSODU,0,0
111,8380-MQINP,0,0
112,6656-JWRQX,0,0
113,9172-ANCRX,1,1
114,7161-DFHUF,0,0
115,2040-XBAVJ,0,0
116,4391-LNRXK,0,0
117,2001-EWBQU,0,0
118,1582-RAFML,1,0
119,2186-QZEYA,0,0
120,9972-NKTFD,0,0
121,5928-QLDHB,0,1
122,9367-OIUXP,0,0
123,9495-REDIY,0,0
124,7073-QETQY,0,0
125,2234-EOFPT,0,0
126,4083-EUGRJ,1,0
127,5924-SNGKP,0,0
128,7762-ONLJY,0,0
129,2237-ZFSMY,1,0
130,4927-WWOOZ,0,1
131,8541-QVFKM,0,1
132,3705-RHRFR,0,0
133,3219-JQRSL,0,0
134,4908-XAXAY,0,0
135,4140-MUHUG,1,1
136,6319-IEJWJ,1,1
137,3419-SNJJD,1,0
138,2164-SOQXL,0,0
139,2068-WWXQZ,0,0
140,3657-COGMW,0,0
141,4667-OHGKG,1,0
142,7377-DMMRI,1,0
143,0508-SQWPL,0,0
144,1768-ZAIFU,1,1
145,3130-ICDUP,0,0
146,4328-VUFWD,0,0
147,9514-JDSKI,1,1
148,3243-ZHOHY,0,0
149,6115-ZTBFQ,0,0
150,9054-FOWNV,0,1
151,8347-GDTMP,0,0
152,2577-GVSIL,0,0
153,7299-GNVPL,0,0
154,1389-WNUIB,0,0
155,1548-FEHVL,0,0
156,2706-QZIHY,0,0
157,4081-DYXAV,1,0
158,7054-DMVAS,0,0
159,8076-FEZKJ,0,0
160,3569-EDBPQ,0,1
161,0516-UXRMT,0,0
162,5208-HFSBT,1,0
163,5788-YPOEG,0,0
164,8577-QSOCG,0,0
165,2474-LCNUE,0,0
166,4890-VMUAV,0,0
167,1213-NGCUN,1,0
168,5676-CFLYY,0,0
169,6698-OXETB,0,0
170,6650-VJONK,0,0
171,7479-NITWS,1,1
172,3841-CONLJ,0,0
173,7718-RXDGG,0,0
174,2027-DNKIV,0,0
175,9462-MJUAW,1,0
176,3898-GUYTS,0,1
177,0354-WYROK,1,1
178,7284-BUYEC,0,0
179,8401-EMUWF,0,0
180,0215-BQKGS,0,0
181,4119-ZYPZY,0,0
182,5606-AMZBO,0,1
183,5494-HECPR,1,1
184,7967-HYCDE,0,0
185,6994-FGRHH,0,0
186,3312-UUMZW,0,0
187,3717-OEAUQ,0,1
188,5277-ZLOOR,1,1
189,8715-KKTFG,0,0
190,9863-JZAIC,1,0
191,2049-BAFNW,0,0
192,5136-GFPMB,0,0
193,9588-OZDMQ,0,0
194,7993-NQLJE,0,0
195,8868-WOZGU,1,1
196,6874-SGLHU,0,0
197,4570-QHXHL,0,0
198,5707-ORNDZ,1,0
199,0432-CAJZV,0,1
200,4760-THGOT,0,0
201,4361-BKAXE,1,0
202,6633-SYEUS,0,0
203,9824-BEMCV,1,1
204,8626-XHBIE,0,0
205,0378-NHQXU,1,0
206,9620-QJREV,0,0
207,5146-CBVOE,0,0
208,4195-SMMNX,1,0
209,9441-QHEVC,0,0
210,8003-EWNDZ,0,0
211,9647-ERGBE,1,1
212,8905-IAZPF,0,0
213,0036-IHMOT,0,0
214,0326-VDYXE,0,0
215,3580-REOAC,1,0
216,0506-LVNGN,1,1
217,2114-MGINA,1,1
218,0277-ORXQS,0,0
219,5954-BDFSG,0,0
220,1568-BEKZM,0,0
221,4931-TRZWN,0,0
222,3533-UVMOM,0,0
223,6745-JEFZB,0,0
224,2325-ZUSFD,1,0
225,4128-ETESU,0,0
226,5985-TBABQ,0,0
227,7552-KEYGT,0,0
228,3908-MKIMJ,0,0
229,9823-EALYC,0,0
230,7501-IWUNG,0,0
231,2974-GGUXS,0,0
232,9092-GDZKO,0,0
233,2896-TBNBE,0,0
234,1855-AGAWH,0,0
235,4424-TKOPW,1,1
236,6048-UWKAL,0,0
237,2325-WINES,0,0
238,3128-YOVTD,0,0
239,1207-BLKSA,0,0
240,5044-LRQAQ,0,1
241,9522-BNTHX,0,0
242,2929-QNSRW,1,0
243,4878-BUNFV,0,0
244,7868-TMWMZ,0,0
245,5624-RYAMH,0,0
246,3970-XGJDU,0,0
247,8046-DNVTL,0,0
248,3284-SVCRO,0,0
249,8189-DUKMV,0,0
250,5671-UUNXD,0,0
251,0471-LVHGK,1,0
252,2159-TURXX,0,0
253,6311-UEUME,1,0
254,6235-VDHOM,1,0
255,2323-ARSVR,0,0
256,7162-WPHPM,0,0
257,5003-OKNNK,0,0
258,5792-JALQC,0,0
259,1215-VFYVK,0,0
260,6023-YEBUP,1,1
261,7629-WIXZF,0,0
262,3134-DSHVC,0,0
263,0784-GTUUK,0,0
264,5996-NRVXR,0,0
265,4315-MURBD,1,1
266,5995-LFTLE,0,0
267,1545-ACTAS,0,0
268,4973-RLZVI,0,0
269,3811-VBYBZ,1,1
270,2429-AYKKO,0,0
271,5593-SUAOO,0,0
272,3853-LYGAM,0,1
273,9074-KGVOX,0,0
274,8626-PTQGE,0,0
275,0019-EFAEP,0,0
276,7660-HDPJV,1,1
277,7794-JASDG,0,0
278,1084-UQCHV,1,1
279,8808-ELEHO,1,1
280,5028-HTLJB,1,0
281,1569-TTNYJ,1,1
282,0214-JHPFW,0,0
283,2860-RANUS,1,1
284,4291-YZODP,0,0
285,9254-RBFON,1,0
286,0004-TLHLJ,1,1
287,2239-JALAW,1,0
288,3376-BMGFE,1,1
289,1357-BIJKI,0,0
290,3097-IDVPU,0,0
291,3148-AOIQT,0,0
292,6629-LADHQ,0,0
293,1855-CFULU,0,0
294,1627-AFWVJ,0,0
295,1142-IHLOO,0,0
296,3694-GLTJM,0,0
297,9631-XEYKE,0,0
298,2709-UQGNP,0,0
299,7860-KSUGX,0,0
300,6794-HKIAJ,0,0
301,9541-PWTWO,0,0
302,4176-RELJR,0,0
303,9931-DCEZH,0,0
304,5457-COLHT,0,0
305,5474-LAMUQ,0,0
306,8384-FZBJK,0,0
307,7838-LAZFO,0,0
308,9926-PJHDQ,0,0
309,2061-VVFST,0,0
310,2959-FENLU,0,1
311,1596-OQSPS,0,0
312,3034-ZBEQN,1,0
313,1137-DGOWI,0,0
314,9693-XMUOB,0,0
315,8189-HBVRW,0,0
316,2272-UOINI,0,0
317,3956-MGXOG,0,0
318,5349-IECLD,1,1
319,0363-SVHYR,0,0
320,4589-IUAJB,0,0
321,3785-KTYSH,0,0
322,2254-DLXRI,0,1
323,9851-QXEEQ,1,0
324,3763-GCZHZ,1,0
325,5529-GIBVH,0,0
326,1991-VOPLL,0,0
327,0274-JKUJR,0,0
328,3078-ZKNTS,0,0
329,1965-AKTSX,1,1
330,6064-ZATLR,0,0
331,9124-LHCJQ,1,1
332,2485-ITVKB,1,0
333,0263-FJTQO,0,0
334,9337-SRRNI,0,0
335,5380-WJKOV,1,1
336,7359-PTSXY,1,0
337,2696-ECXKC,0,0
338,9451-WLYRI,0,0
339,4030-VPZBD,1,0
340,6856-RAURS,0,1
341,5616-PRTNT,1,0
342,2523-EWWZL,0,0
343,7207-RMRDB,1,0
344,7495-OOKFY,1,1
345,5666-CYCYZ,0,1
346,0260-ZDLGK,1,0
347,5310-NOOVA,0,0
348,5546-QUERU,0,0
349,0727-IWKVK,1,1
350,8738-JOKAR,0,0
351,5198-EFNBM,0,0
352,2946-KIQSP,0,0
353,4945-RVMTE,0,0
354,8208-EUMTE,0,0
355,1241-FPMOF,0,0
356,2607-FBDFF,0,0
357,4937-QPZPO,0,0
358,0384-RVBPI,0,0
359,0536-ACXIP,0,0
360,4291-HPAXL,0,0
361,0356-OBMAC,0,0
362,2984-TBYKU,0,0
363,3261-CQXOL,0,0
364,1015-OWJKI,0,0
365,6741-QRLUP,0,0
366,3420-YJLQT,0,1
367,5214-NLTIT,0,0
368,7560-QJAVJ,0,0
369,4361-FEBGN,0,0
370,2621-UDNLU,0,0
371,8791-GFXLZ,0,0
372,0422-UXFAP,0,0
373,3030-YZADT,1,0
374,4468-KAZHE,0,0
375,2519-ERQOJ,0,0
376,3886-CERTZ,1,0
377,3685-YLCMQ,1,0
378,2660-EMUBI,1,1
379,6963-EZQEE,0,0
380,4277-BWBML,0,0
381,2984-MIIZL,1,1
382,7698-YFGEZ,0,0
383,8097-VBQTZ,0,0
384,9945-PSVIP,0,0
385,4727-MCYZG,0,0
386,7272-QDCKA,0,0
387,8755-OGKNA,0,0
388,3452-FLHYD,0,0
389,7623-HKYRK,0,0
390,9362-MWODR,0,0
391,3190-XFANI,1,0
392,1757-TCATG,0,0
393,8327-WKMIE,0,0
394,2506-TNFCO,1,1
395,7279-NMVJC,0,0
396,3115-CZMZD,0,0
397,2144-BFDSO,0,0
398,1670-SVOWZ,1,1
399,8272-ONJLV,0,0
400,4906-ZHGPK,0,0
401,6710-HSJRD,0,0
402,2388-LAESQ,0,0
403,8161-QYMTT,0,1
404,9600-UDOPK,1,0
405,6689-VRRTK,0,0
406,0902-XKXPN,0,0
407,3672-YITQD,1,1
408,7950-XWOVN,0,0
409,9552-TGUZV,0,1
410,4482-FTFFX,0,0
411,1839-FBNFR,0,0
412,4576-CSAJH,1,0
413,1661-CZBAU,0,0
414,0587-DMGBH,1,0
415,3415-TAILE,1,0
416,1428-IEDPR,0,0
417,9518-IMLHK,0,0
418,2739-CACDQ,0,1
419,3450-WXOAT,0,0
420,7860-UXCRM,0,0
421,8807-ARQET,0,0
422,5863-OOKCL,0,0
423,3585-YNADK,0,0
424,0883-EIBTI,1,0
425,7089-IVVAZ,1,1
426,9445-ZUEQE,0,0
427,1862-QRWPE,0,0
428,6051-PTVNS,0,0
429,5150-LJNSR,0,0
430,3426-NIYYL,1,0
431,0431-APWVY,1,0
432,2525-GVKQU,0,0
433,5524-KHNJP,0,0
434,0480-KYJVA,0,0
435,9174-FKWZE,1,0
436,6400-BWQKW,1,1
437,3566-CAAYU,0,0
438,8149-AIQCG,0,0
439,8661-BOYNW,0,0
440,6082-OQFBA,0,0
441,3785-NRHYR,0,0
442,8990-YOZLV,0,0
443,4933-IKULF,0,0
444,5680-LQOGP,0,0
445,2108-XWMPY,1,0
446,9940-RHLFB,1,1
447,4458-KVRBJ,0,0
448,2138-VFAPZ,0,0
449,4311-QTTAI,0,0
450,0361-HJRDX,0,0
451,5502-RLUYV,1,0
452,6362-QHAFM,0,0
453,0487-RPVUM,0,0
454,7716-YTYHG,1,0
455,7826-VVKWT,0,0
456,6357-JJPQT,0,1
457,5173-WXOQV,0,0
458,6766-HFKLA,0,0
459,0440-UEDAI,0,0
460,1785-BPHTP,0,0
461,0345-XMMUG,0,0
462,2716-GFZOR,0,0
463,7740-KKCXF,0,0
464,8404-GFGCZ,0,0
465,1208-NBVFH,0,0
466,1337-BOZWO,0,0
467,8071-SBTRN,0,0
468,5552-ZNFSJ,1,0
469,5088-QZLRL,0,0
470,7074-IEVOJ,1,1
471,7590-VHVEG,0,0
472,3647-GMGDH,1,0
473,2809-ZMYOQ,0,1
474,9763-GRSKD,0,0
475,9135-HSWOC,0,0
476,3429-IFLEM,0,0
477,0064-YIJGF,0,0
478,9282-IZGQK,1,1
479,3946-JEWRQ,0,0
480,8087-LGYHQ,0,1
481,0023-XUOPT,1,1
482,8873-TMKGR,0,0
483,2703-AMTUL,0,0
484,6674-KVJHG,0,0
485,5514-YQENT,0,0
486,7055-JCGNI,0,0
487,0513-RBGPE,0,0
488,4039-PIMHX,0,0
489,8677-HDZEE,0,0
490,4572-DVCGN,1,1
491,6734-CKRSM,0,0
492,6892-BOGQE,0,0
493,1450-SKCVI,1,0
494,7520-HQWJU,0,0
495,8573-CGOCC,0,0
496,4854-CIDCF,0,1
497,5562-BETPV,0,0
498,5203-XEHAX,0,0
499,2903-YYTBW,0,0
500,8800-ZKRFW,0,1
501,4818-QIUFN,1,1
502,8807-OPMBM,0,0
503,3244-DCJWY,1,1
504,3571-DPYUH,0,0
505,9040-KZVWO,0,0
506,4813-HQMGZ,0,1
507,2862-PFNIK,0,0
508,6210-KBBPI,1,1
509,6646-JPPHA,0,1
510,8535-SFUTN,0,0
511,0815-MFZGM,0,0
512,0565-JUPYD,0,0
513,1000-AJSLD,1,0
514,2190-PHBHR,0,0
515,7691-XVTZH,0,0
516,9987-LUTYD,0,0
517,6112-KTHFQ,0,0
518,5908-QMGOE,1,1
519,9391-YZEJW,0,0
520,6464-KEXXH,0,0
521,5469-CTCWN,1,0
522,2137-DQMEV,0,0
523,7133-VBDCG,1,0
524,1338-CECEE,0,0
525,3847-BAERP,0,0
526,3707-GNWHM,1,1
527,5854-KSRBJ,0,0
528,1658-XUHBX,0,0
529,1245-HARPS,0,0
530,1400-MMYXY,1,1
531,6633-MPWBS,1,0
532,6960-HVYXR,1,1
533,2694-CIUMO,0,1
534,2746-DIJLO,0,0
535,8111-SLLHI,1,1
536,0139-IVFJG,0,1
537,5327-CNLUQ,0,0
538,8008-ESFLK,0,0
539,7601-WFVZV,0,0
540,3590-TCXTB,0,0
541,0722-SVSFK,0,1
542,2890-WFBHU,0,0
543,0366-NQSHS,0,0
544,6281-FKEWS,0,0
545,5651-YLPRD,0,0
546,9033-EOXWV,1,0
547,5832-TRLPB,0,0
548,1297-VQDRP,0,0
549,4086-WITJG,0,0
550,5850-BDWCY,0,0
551,4795-WRNVT,0,0
552,7191-ADRGF,0,0
553,2097-YVPKN,0,0
554,9506-UXUSK,0,1
555,3404-JNXAX,0,0
556,2516-XSJKX,0,0
557,1918-ZBFQJ,1,1
558,2673-CXQEU,0,0
559,9603-OAIHC,0,1
560,8062-YBDOE,1,1
561,8292-ITGYJ,0,0
562,8763-KIAFH,0,0
563,7030-NJVDP,0,1
564,2674-MIAHT,0,1
565,2904-GGUAZ,0,0
566,0376-YMCJC,1,1
567,1699-TLDLZ,0,0
568,2674-MLXMN,0,0
569,2819-GWENI,0,0
570,0519-DRGTI,0,0
571,1383-EZRWL,1,0
572,4774-HHGGS,0,0
573,5980-NOPLP,1,0
574,5158-RIVOP,0,0
575,5364-EVNIB,1,1
576,2642-DTVCO,1,1
577,1333-PBMXB,0,0
578,0018-NYROU,0,1
579,4184-VODJZ,0,0
580,6867-ACCZI,0,0
581,0376-OIWME,0,0
582,1767-CJKBA,0,0
583,4376-KFVRS,0,0
584,2303-PJYHN,0,0
585,2122-SZZZD,0,0
586,1100-DDVRV,0,0
587,5546-BYZSM,0,0
588,0020-INWCK,0,0
589,2824-MYYBN,0,0
590,1897-RCFUM,0,0
591,3727-JEZTU,0,0
592,8815-LMFLX,0,0
593,3665-JATSN,0,0
594,4538-WNTMJ,0,0
595,2761-XECQW,0,0
596,3223-DWFIO,0,1
597,8184-WMOFI,0,0
598,5231-FIQPA,0,0
599,5027-QPKTE,1,1
600,8727-XDPUD,0,0
601,1131-SUEKT,0,0
602,3758-CKOQL,0,0
603,6166-YIPFO,0,0
604,3097-NQYSN,1,1
605,7803-XOCCZ,0,0
606,5495-GPSRW,0,0
607,9776-CLUJA,1,0
608,7083-YNSKY,1,0
609,1455-HFBXA,0,0
610,2632-UCGVD,1,0
611,3327-YBAKM,0,0
612,9964-WBQDJ,0,0
613,1163-VIPRI,0,0
614,0098-BOWSO,0,0
615,4749-VFKVB,1,0
616,1091-SOZGA,0,0
617,0067-DKWBL,1,1
618,9625-QSTYE,1,1
619,7336-RLLRH,0,0
620,6586-PSJOX,0,0
621,3316-UWXUY,0,0
622,3948-XHGNA,1,0
623,6496-JDSSB,0,1
624,3768-VHXQO,0,0
625,7711-GQBZC,0,0
626,1016-DJTSV,0,1
627,7515-LODFU,0,0
628,9837-FWLCH,0,0
629,2722-JMONI,1,1
630,1241-EZFMJ,0,0
631,8878-RYUKI,0,0
632,2541-YGPKE,0,0
633,6032-KRXXO,1,0
634,0650-BWOZN,0,1
635,3719-TDVQB,0,0
636,2480-EJWYP,0,0
637,2135-DQWAQ,0,1
638,7240-ETPTR,1,0
639,2979-SXESE,1,1
640,3736-BLEPA,0,0
641,9531-NSBMR,0,0
642,0289-IVARM,0,0
643,8443-ZRDBZ,1,1
644,7156-MHUGY,1,1
645,9540-JYROE,1,1
646,5244-IRFIH,1,1
647,5175-WLYXL,0,0
648,9488-HGMJH,1,1
649,1373-ORVIZ,1,0
650,1335-MXCSE,0,0
651,5572-ZDXHY,1,1
652,4946-EDSEW,1,0
653,0257-ZESQC,1,1
654,6925-BAYGL,0,0
655,2851-STERV,0,0
656,0750-EBAIU,0,0
657,4423-YLHDV,1,1
658,6959-UWKHF,1,0
659,6877-LGWXO,1,1
660,1752-OZXFY,0,0
661,4701-LKOZD,0,0
662,6437-UKHMV,1,1
663,6728-DKUCO,0,0
664,8267-KFGYD,0,0
665,8260-NGFNY,1,0
666,5981-ZVXOT,0,0
667,3030-YDNRM,0,1
668,9909-IDLEK,0,0
669,7410-OIEDU,0,1
670,2077-DDHJK,0,0
671,7159-NOKYQ,0,0
672,7703-ZEKEF,1,1
673,1060-ENTOF,0,0
674,4957-TREIR,0,0
675,5685-IIXLY,1,1
676,0491-KAPQG,0,1
677,1074-AMIOH,0,0
678,3639-XJHKQ,0,0
679,7665-VIGUD,0,0
680,0484-JPBRU,0,0
681,5882-CMAZQ,0,0
682,6976-BWGLQ,0,0
683,0943-ZQPXH,0,0
684,2361-FJWNO,0,0
685,5949-XIKAE,1,1
686,9696-RMYBA,0,1
687,9822-BIIGN,0,0
688,2637-FKFSY,0,0
689,4425-OWHWB,0,0
690,4550-VBOFE,1,0
691,0174-QRVVY,0,0
692,4822-NGOCH,1,1
693,9281-OFDMF,0,0
694,4223-BKEOR,0,0
695,2428-ZMCTB,0,0
696,2359-KMGLI,1,1
697,4544-RXFMG,0,0
698,2672-HUYVI,1,1
699,6114-TCFID,0,0
700,1291-CUOCY,0,0
701,4676-MQUEA,0,0
702,1254-IZEYF,1,1
703,3402-XRIUO,0,0
704,6845-RGTYS,1,0
705,4712-UYOOI,0,0
706,3798-EPWRR,0,1
707,9237-HQITU,1,1
708,8659-IOOPU,0,0
709,6689-KXGBO,1,0
710,9249-FXSCK,1,0
711,4837-PZTIC,0,0
712,1215-EXRMO,0,0
713,0384-LPITE,0,0
714,1015-JPFYW,0,0
715,2662-NNTDK,0,0
716,3091-FYHKI,1,0
717,0956-ACVZC,0,0
718,5859-HZYLF,0,0
719,4895-TMWIR,1,0
720,5696-QURRL,1,0
721,8246-SHFGA,0,0
722,9916-AYHTC,0,0
723,4695-WJZUE,1,1
724,8849-PRIQJ,0,0
725,8024-XNAFQ,0,0
726,3806-DXQOM,1,0
727,6507-DTJZV,0,0
728,1761-AEZZR,1,1
729,5120-ZBLAI,0,0
730,1506-YJTYT,0,0
731,8908-NMQTX,0,0
732,8069-YQQAJ,0,0
733,7577-SWIFR,0,1
734,2805-AUFQN,0,0
735,5931-FLJJF,1,1
736,1353-GHZOS,0,0
737,4090-KPJIP,0,1
738,4919-MOAVT,1,1
739,8466-PZBLH,0,0
740,9512-UIBFX,1,0
741,3831-YCPUO,0,0
742,2632-IVXVF,0,0
743,0003-MKNFE,0,0
744,8620-RJPZN,0,0
745,4139-DETXS,0,0
746,1370-GGAWX,0,0
747,6145-NNPNO,0,0
748,9699-UBQFS,0,1
749,4767-HZZHQ,0,0
750,9415-DPEWS,1,1
751,0562-FGDCR,0,0
752,9621-OUPYD,0,0
753,5242-UOWHD,0,0
754,8060-HIWJJ,0,0
755,6152-ONASV,0,0
756,4322-RCYMT,1,0
757,2916-BQZLN,0,1
758,0128-MKWSG,0,0
759,7434-SHXLS,1,0
760,7605-BDWDC,0,0
761,8544-GOQSH,0,0
762,0680-DFNNY,1,1
763,2782-LFZVW,0,0
764,1676-MQAOA,0,0
765,2243-FNMMI,0,0
766,5260-UMPWX,0,0
767,7113-HIPFI,0,0
768,0056-EPFBG,0,0
769,5295-PCJOO,1,0
770,6595-YGXIT,1,1
771,8515-OCTJS,1,0
772,9348-ROUAI,0,0
773,0956-SYCWG,0,0
774,3393-FMZPV,1,1
775,8065-BVEPF,0,0
776,5961-VUSRV,0,0
777,3132-TVFDZ,1,0
778,2384-OVPSA,0,0
779,9777-WJJPR,0,0
780,8835-VSDSE,1,1
781,5115-GZDEL,0,0
782,8417-GSODA,0,0
783,0866-QLSIR,1,0
784,6851-WEFYX,0,1
785,4759-PXTAN,0,0
786,7625-XCQRH,1,1
787,4597-NUCQV,1,1
788,5968-XQIVE,0,0
789,1658-TJVOA,0,1
790,2378-HTWFW,0,0
791,5828-AVIPD,1,0
792,5126-RCXYW,0,0
793,1342-JPNKI,1,1
794,3352-RICWQ,0,0
795,7240-FQLHE,1,1
796,4729-XKASR,1,0
797,9518-RWHZL,1,0
798,5837-LXSDN,0,0
799,3082-WQRVY,0,0
800,8212-CRQXP,0,0
801,6341-JVQGF,0,0
802,9504-DSHWM,0,0
803,9565-FLVCG,0,0
804,0074-HDKDG,0,0
805,0489-WMEMG,0,0
806,0547-HURJB,0,0
807,7929-SKFGK,0,0
808,8019-ENHXU,1,0
809,6961-VCPMC,1,0
810,7018-WBJNK,0,0
811,0829-XXPLX,0,0
812,6654-QGBZZ,0,0
813,7634-WSWDB,0,0
814,5119-NZPTV,0,1
815,6563-VNPMN,0,0
816,4619-EVPHY,0,0
817,7197-VOJMM,0,0
818,2560-WBWXF,0,0
819,8336-TAVKX,0,0
820,7636-OWBPG,0,0
821,1020-JPQOW,0,0
822,0682-USIXD,0,1
823,6348-SNFUS,0,0
824,0345-HKJVM,1,1
825,5985-BEHZK,0,0
826,2129-ALKBS,0,0
827,8944-AILEF,0,0
828,1345-ZUKID,0,0
829,8608-OZTLB,0,0
830,5668-MEISB,0,0
831,3272-VUHPV,0,0
832,1320-REHCS,0,1
833,2091-GPPIQ,0,0
834,9039-ZVJDC,0,0
835,2215-ZAFGX,0,1
836,8465-SBRXP,0,0
837,8387-UGUSU,0,0
838,7534-BFESC,1,1
839,0420-TXVSG,0,0
840,5281-BUZGT,1,1
841,5032-USPKF,0,0
842,7504-UWHNB,0,0
843,0867-LDTTC,0,0
844,9479-HYNYL,0,0
845,8816-VXNZD,1,1
846,8499-BRXTD,0,0
847,5644-PDMZC,1,1
848,3486-NPGST,0,0
849,4273-MBHYA,0,1
850,5702-SKUOB,0,0
851,6439-GTPCA,1,0
852,7895-VONWT,0,0
853,1396-QWFBJ,1,0
854,5533-RJFTJ,0,0
855,1131-QQZEB,0,0
856,9570-KYEUA,0,0
857,9780-FKVVF,0,0
858,5651-CPDND,0,0
859,1309-BXVOQ,1,1
860,2277-BKJKN,0,0
861,4343-EJVQB,0,1
862,7627-JKIAZ,1,0
863,9385-EHGDO,0,0
864,0691-NIKRI,0,0
865,6620-JDYNW,0,0
866,5324-KTGCG,0,0
867,4396-KLSEH,0,0
868,9150-KPBJQ,0,0
869,5383-MMTWC,1,1
870,6551-VLJMV,0,0
871,4566-GOLUK,1,0
872,4603-JANFB,1,1
873,5249-QYHEX,0,0
874,9050-IKDZA,0,1
875,4123-FCVCB,0,0
876,4290-BSXUX,1,1
877,5650-YLIBA,0,0
878,5687-DKDTV,1,0
879,5640-CAXOA,0,0
880,6616-AALSR,0,0
881,1240-KNSEZ,1,0
882,4547-KQRTM,1,1
883,0769-MURVM,0,0
884,5574-NXZIU,0,0
885,5923-GXUOC,1,1
886,3317-HRTNN,1,0
887,9061-TIHDA,1,1
888,3070-DVEYC,1,1
889,9617-INGJY,0,1
890,6646-VRFOL,1,0
891,7054-ENNGU,0,0
892,6823-SIDFQ,0,0
893,5673-FSSMF,1,0
894,0947-MUGVO,1,1
895,1875-QIVME,1,1
896,7853-OETYL,0,0
897,4195-NZGTA,0,0
898,4446-BZKHU,1,0
899,1894-IGFSG,1,0
900,6551-ZCOTS,0,0
901,6980-IMXXE,0,0
902,1508-DFXCU,0,1
903,5639-NTUPK,0,0
904,1810-BOHSY,0,0
905,8650-RHRKE,1,0
906,7065-YUNRY,1,0
907,7729-XBTWX,0,0
908,5811-IWXYM,0,0
909,3062-ICYZQ,0,0
910,0298-XACET,0,0
911,2302-ANTDP,1,0
912,4811-JBUVU,0,0
913,7734-DBOAI,1,0
914,8966-KZXXA,0,0
915,0320-DWVTU,0,0
916,1218-VKFPE,1,0
917,8510-TMWYB,0,0
918,4143-OOBWZ,1,1
919,5285-MVEHD,0,0
920,9800-OUIGR,0,0
921,7294-TMAOP,1,1
922,0011-IGKFF,1,1
923,3329-WDIOK,1,0
924,1379-FRVEB,0,1
925,1872-EBWSC,0,0
926,2034-CGRHZ,1,1
927,3727-OWVYD,0,0
928,8710-YGLWG,0,0
929,0620-DLSLK,0,1
930,8868-GAGIO,0,0
931,9967-ATRFS,0,0
932,4706-DGAHW,0,1
933,4615-PIVVU,0,0
934,7503-QQRVF,1,1
935,5461-QKNTN,0,1
936,0390-DCFDQ,1,1
937,1930-QPBVZ,0,0
938,9391-DXGGG,0,0
939,6300-BWMJX,0,0
940,8809-RIHDD,1,0
941,7814-LEEVE,0,0
942,0841-NULXI,1,0
943,7853-WNZSY,0,0
944,4423-JWZJN,0,0
945,1271-UODNO,0,0
946,0103-CSITQ,0,0
947,6963-KQYQB,0,0
948,3374-PZLXD,0,0
949,5917-HBSDW,0,0
950,5673-TIYIB,1,0
951,1685-BQULA,0,0
952,1525-LNLOJ,0,0
953,0230-UBYPQ,0,0
954,7459-RRWQZ,1,0
955,8873-GLDMH,0,1
956,3045-XETSH,1,1
957,6712-OAWRH,1,1
958,0524-IAVZO,1,0
959,9367-TCUYN,0,0
960,8748-HFWBO,0,0
961,1360-RCYRT,0,0
962,7270-BDIOA,1,1
963,5966-EMAZU,0,0
964,8685-WHQPW,1,1
965,1550-EENBN,0,0
966,0843-WTBXE,1,0
967,9050-QLROH,1,0
968,4785-FCIFB,0,0
969,3106-ULWFW,1,1
970,5913-INRQV,0,0
971,5243-SAOTC,0,0
972,8573-JGCZW,0,0
973,7252-NTGSS,0,0
974,4952-YSOGZ,1,1
975,0709-TVGUR,1,1
976,5605-IYGFG,0,1
977,2274-XUATA,0,0
978,1116-FRYVH,0,0
979,0402-OAMEN,0,0
980,1702-CCFNJ,0,0
981,7321-KKSDU,0,0
982,4686-UXDML,0,0
983,1086-LXKFY,1,1
984,8896-RAZCR,0,0
985,6484-LATFU,0,0
986,3572-UUHRS,0,0
987,0637-YLETY,1,1
988,9544-PYPSJ,0,0
989,7601-GNDYK,0,0
990,7825-ECJRF,1,1
991,2120-SMPEX,0,0
992,3865-YIOTT,0,0
993,1063-DHQJF,0,0
994,9281-CEDRU,0,0
995,2985-FMWYF,0,1
996,1956-YIFGE,0,0
997,8180-AKMJV,0,0
998,2931-XIQBR,0,0
999,3934-HXCFZ,1,1
1000,1813-JLKWR,0,0
1001,2057-ZBLPD,1,1
1002,4854-SSLTN,0,0
1003,7568-PODML,1,0
1004,1552-AAGRX,0,0
1005,7924-GJZFI,0,1
1006,8980-WQFWL,0,0
1007,8048-DSDFQ,0,0
1008,6810-VCAEX,0,0
1009,2933-FILNV,1,0
1010,7459-IMVYU,0,0
1011,4450-DLLMH,0,1
1012,0708-SJDIS,0,0
1013,2876-GZYZC,0,1
1014,8799-OXZMD,0,0
1015,1153-GNOLC,0,0
1016,7880-XSOJX,0,0
1017,9554-DFKIC,0,0
1018,6103-LIANB,0,0
1019,0909-SELIE,0,0
1020,0820-FNRNX,0,0
1021,9839-ETQOE,0,0
1022,5150-ITWWB,0,1
1023,3780-YVMFA,0,0
1024,7569-NMZYQ,0,0
1025,9297-FVVDH,0,0
1026,4940-KHCWD,0,0
1027,2560-QTSBS,0,0
1028,3441-CGZJH,0,0
1029,4114-QMKVN,0,0
1030,7176-WIONM,0,0
1031,6101-IMRMM,1,1
1032,2545-EBUPK,0,1
1033,0104-PPXDV,0,0
1034,2027-FECZV,1,1
1035,2202-OUTMO,0,0
1036,4537-DKTAL,0,0
1037,9086-YJYXS,0,0
1038,8000-REIQB,1,1
1039,4718-DHSMV,0,0
1040,4464-JCOLN,1,0
1041,5222-JCXZT,0,0
1042,9029-FEGVJ,0,0
1043,0939-EREMR,0,0
1044,1088-AUUZZ,0,0
1045,0439-IFYUN,0,1
1046,4797-MIWUM,0,0
1047,1591-NFNLQ,1,0
1048,5206-HPJKM,0,0
1049,2037-XJFUP,1,0
1050,3808-HFKDE,0,0
1051,7916-VCCPB,0,0
1052,4646-QZXTF,0,0
1053,1447-PJGGA,1,0
1054,2749-CTKAJ,0,0
1055,7463-IFMQU,0,0
1056,6296-DDOOR,0,0
1057,2040-OBMLJ,0,0
1058,4683-WYDOU,0,0
1059,5419-JPRRN,1,1
1060,8414-MYSHR,1,1
1061,8387-MOJJT,1,0
1062,9730-DRTMJ,0,0
1063,2126-GSEGL,0,0
1064,6439-PKTRR,0,0
1065,3108-PCCGG,0,0
1066,5176-LMJXE,0,0
1067,8665-UTDHZ,1,0
1068,1206-EHBDD,0,0
1069,5384-ZTTWP,0,0
1070,7473-ZBDSN,0,0
1071,6508-NJYRO,0,0
1072,2474-BRUCM,1,0
1073,9110-HSGTV,0,0
1074,9261-WDCAF,0,0
1075,0795-GMVQO,0,0
1076,6734-FQAJX,0,0
1077,6302-JGYRJ,1,0
1078,5950-AAAGJ,0,0
1079,9637-EIHEQ,1,0
1080,9644-UMGQA,0,0
1081,4879-GZLFH,0,0
1082,6771-XWBDM,1,0
1083,8840-DQLGN,1,1
1084,9705-IOVQQ,0,0
1085,1450-GALXR,1,1
1086,6015-VVHHE,1,1
1087,0459-SPZHJ,0,0
1088,3420-ZDBMA,0,1
1089,4626-OZDTJ,0,0
1090,5278-PNYOX,0,0
1091,6695-FRVEC,0,0
1092,9828-QHFBK,0,0
1093,9067-YGSCA,0,0
1094,2729-VNVAP,0,0
1095,5156-UMKOW,0,0
1096,1591-XWLGB,0,0
1097,3724-UCSHY,0,0
1098,4074-SJFFA,1,0
1099,8642-GVWRF,1,1
1100,5188-HGMLP,0,0
1101,6968-GMKPR,0,0
1102,9907-SWKKF,1,0
1103,0613-WUXUM,0,0
1104,1945-XISKS,0,0
1105,3234-VKACU,0,0
1106,8065-QBYTO,0,0
1107,8985-OOPOS,0,0
1108,1345-GKDZZ,0,0
1109,6583-SZVGP,0,0
1110,9360-OMDZZ,0,1
1111,6789-HJBWG,0,0
1112,1227-UDMZR,0,0
1113,2758-RNWXS,0,0
1114,6661-EIPZC,0,0
1115,1934-SJVJK,1,0
1116,5299-RULOA,1,1
1117,0196-VULGZ,1,1
1118,9391-TTOYH,0,0
1119,7526-BEZQB,1,1
1120,0872-NXJYS,1,1
1121,9640-ZSLDC,0,0
1122,5443-SCMKX,0,0
1123,8612-GXIDD,0,0
1124,1401-FTHFQ,0,0
1125,4581-SSPWD,1,1
1126,3577-AMVUX,0,0
1127,0608-JDVEC,0,0
1128,4377-VDHYI,0,0
1129,6461-SZMCV,0,0
1130,4644-PIZRT,0,0
1131,0277-BKSQP,0,0
1132,2812-SFXMJ,0,0
1133,6243-OZGFH,0,0
1134,2050-ONYDQ,0,0
1135,2673-ZALNP,0,0
1136,7996-BPXHY,0,0
1137,5275-SQEIZ,1,1
1138,4835-YSJMR,0,0
1139,6749-UTDVX,0,0
1140,6982-UQZLY,1,0
1141,9799-CAYJJ,0,1
1142,3683-QKIUE,1,0
1143,1051-EQPZR,0,0
1144,0112-QWPNC,1,0
1145,9689-PTNPG,1,1
1146,5777-ZPQNC,0,0
1147,3948-FVVRP,0,0
1148,5970-GHJAW,0,0
1149,7217-JYHOQ,0,0
1150,9483-GCPWE,0,0
1151,2187-PKZAY,0,1
1152,7979-CORPM,1,0
1153,2257-BOVXD,0,0
1154,7233-PAHHL,0,0
1155,9787-XVQIU,1,1
1156,1481-ZUWZA,1,0
1157,7330-WZLNC,1,1
1158,6350-XFYGW,0,1
1159,9959-WOFKT,0,0
1160,8404-VLQFB,0,0
1161,1285-OKIPP,1,1
1162,7359-WWYJV,0,0
1163,0825-CPPQH,0,0
1164,8847-GEOOQ,0,0
1165,6080-TCMYC,0,0
1166,3468-DRVQJ,0,0
1167,0247-SLUJI,0,0
1168,2796-NNUFI,0,0
1169,1965-DDBWU,1,0
1170,5155-AZQPB,0,0
1171,7517-SAWMO,1,1
1172,6921-OZMFH,0,0
1173,2302-OUZXB,0,0
1174,5081-NWSUP,0,0
1175,3001-UNBTL,0,1
1176,6366-XIVKZ,0,0
1177,9817-APLHW,0,0
1178,0811-GSDTP,0,0
1179,9878-TNQGW,1,1
1180,2330-PQGDQ,0,0
1181,8218-FFJDS,0,0
1182,5312-UXESG,0,0
1183,8727-JQFHV,0,0
1184,8849-GYOKR,1,0
1185,4751-ERMAN,0,0
1186,9253-VIFJQ,0,0
1187,5605-XNWEN,0,0
1188,2801-NISEI,0,0
1189,4707-MAXGU,0,0
1190,4893-GYUJU,0,0
1191,0322-CHQRU,1,0
1192,1262-OPMFY,1,1
1193,4079-ULGFR,0,0
1194,3677-IYRBF,1,1
1195,5482-VXSXJ,0,1
1196,6461-PPAXN,0,0
1197,7011-CVEUC,0,0
1198,6252-DFGTK,0,0
1199,7926-IJOOU,0,0
1200,2833-SLKDQ,1,0
1201,3389-KTRXV,0,0
1202,3567-PQTSO,0,0
1203,2868-LLSKM,0,0
1204,2220-IAHLS,0,0
1205,5889-LFOLL,1,1
1206,7181-BQYBV,1,1
1207,3164-AALRN,1,0
1208,7408-OFWXJ,0,0
1209,3530-VWVGU,0,0
1210,6907-NZZIJ,1,0
1211,9931-KGHOA,0,0
1212,0921-OHLVP,0,0
1213,5626-MGTUK,0,0
1214,0595-ITUDF,0,0
1215,7562-UXTPG,0,1
1216,2154-KVJFF,1,1
1217,0616-ATFGB,1,0
1218,0136-IFMYD,0,0
1219,3896-ZVNET,0,0
1220,0228-MAUWC,0,0
1221,6538-POCHL,0,0
1222,4753-PADAS,0,0
1223,4373-VVHQL,0,0
1224,5294-DMSFH,0,0
1225,5201-FRKKS,0,0
1226,6221-AVQYL,1,1
1227,9625-QNLUX,0,0
1228,6837-BJYDQ,0,0
1229,6253-WRFHY,0,0
1230,5366-OBVMR,0,0
1231,1492-KGETH,0,0
1232,4193-IBKSW,0,0
1233,5197-LQXXH,0,0
1234,4320-QMLLA,0,0
1235,5022-KVDQT,0,0
1236,9135-MGVPY,0,0
1237,7245-NIIWQ,0,1
1238,7074-STDCN,0,0
1239,3726-TBHQT,0,0
1240,0329-GTIAJ,1,1
1241,6050-FFXES,0,0
1242,3640-PHQXK,1,0
1243,4558-CGYCZ,0,0
1244,9308-ANMVE,0,0
1245,4547-LYTDD,1,0
1246,1597-FZREH,1,0
1247,3891-PUQOD,1,0
1248,8779-QRDMV,1,1
1249,3249-ZPQRG,1,1
1250,1522-VVDMG,1,1
1251,3589-PPVKW,0,0
1252,2371-JUNGC,0,0
1253,0612-RTZZA,1,0
1254,2789-HQBOU,0,1
1255,9978-HYCIN,0,0
1256,0576-WNXXC,1,1
1257,7107-UBYKY,0,0
1258,3530-CRZSB,0,0
1259,7787-BNTZM,0,0
1260,5143-EGQFK,1,0
1261,9555-SAHUZ,0,0
1262,2978-XXSOG,0,0
1263,8676-OOQEJ,0,0
1264,7764-BDPEE,0,0
1265,9919-KNPOO,0,1
1266,6248-TKCQV,0,0
1267,3795-CAWEX,0,0
1268,4070-OKWVH,0,0
1269,7492-TAFJD,0,0
1270,2143-LJULT,0,0
1271,7595-EHCDL,0,0
1272,9430-NKQLY,0,0
1273,5453-YBTWV,0,0
1274,8125-QPFJD,0,0
1275,6647-ZEDXT,0,0
1276,5451-YHYPW,0,0
1277,2070-FNEXE,1,1
1278,2542-HYGIQ,0,0
1279,2207-NHRJK,1,0
1280,3635-QQRQD,0,0
1281,3126-WQMGH,0,0
1282,9548-LERKT,0,0
1283,6568-POCUI,0,0
1284,6837-HAEVO,0,0
1285,1998-VHJHK,0,0
1286,4632-PAOYU,0,0
1287,6179-GJPSO,1,0
1288,6339-RZCBJ,0,0
1289,7273-TEFQD,1,1
1290,6171-ZTVYB,0,0
1291,3508-VLHCZ,0,0
1292,2718-GAXQD,1,0
1293,4625-XMOYM,0,0
1294,5146-YYFRZ,0,0
1295,2252-ISRNH,0,0
1296,8952-WCVCD,0,0
1297,8695-WDYEA,0,0
1298,6890-PFRQX,0,0
1299,4981-FLTMF,0,0
1300,0748-RDGGM,1,0
1301,2691-NZETQ,1,1
1302,6295-OSINB,0,0
1303,9659-ZTWSM,0,0
1304,2169-RRLFW,0,0
1305,5485-ITNPC,0,0
1306,9279-CJEOJ,0,1
1307,0643-OKLRP,1,0
1308,8884-MRNSU,0,0
1309,1478-VPOAD,0,0
1310,8644-XLFBW,1,1
1311,3452-GWUIN,0,1
1312,1600-DILPE,0,0
1313,7190-XHTWJ,0,0
1314,6582-OIVSP,0,0
1315,9411-TPQQV,0,0
1316,8259-NFJTV,0,0
1317,3239-TPHPZ,0,0
1318,1849-RJYIG,0,0
1319,3462-BJQQA,0,1
1320,7909-FIOIY,0,0
1321,7932-WPTDS,1,1
1322,7054-LGEQW,1,0
1323,0626-QXNGV,0,0
1324,1837-YQUCE,0,0
1325,2516-VQRRV,1,1
1326,9500-IWPXQ,0,0
1327,6230-BSUXY,1,1
1328,7321-ZNSLA,0,0
1329,5173-ZXXXL,0,0
1330,9360-AHGNL,1,0
1331,7609-NRNCA,0,0
1332,4138-NAXED,0,0
1333,0201-OAMXR,1,0
1334,9814-AOUDH,0,0
1335,7356-IWLFW,0,0
1336,0236-HFWSV,1,1
1337,0575-CUQOV,0,0
1338,2804-ETQDK,0,0
1339,0969-RGKCU,0,0
1340,9943-VSZUV,0,0
1341,5968-HYJRZ,0,0
1342,0853-NWIFK,0,0
1343,5760-IFJOZ,0,1
1344,5868-CZJDR,1,0
1345,0347-UBKUZ,0,0
1346,6859-QNXIQ,0,0
1347,0877-SDMBN,1,0
1348,9013-AQORL,0,0
1349,4851-BQDNX,0,0
1350,6463-MVYRY,0,0
1351,0979-PHULV,1,0
1352,5027-XWQHA,1,0
1353,2632-TACXW,0,0
1354,9373-WSLOY,0,0
1355,8204-YJCLA,0,0
1356,7603-USHJS,1,0
1357,6849-OYAMU,1,0
1358,3678-MNGZX,0,0
1359,7841-TZDMQ,1,0
1360,3027-ZTDHO,1,1
1361,8148-WOCMK,0,0
1362,9117-SHLZX,1,0
1363,4529-CKBCL,1,1
1364,1775-KWJKQ,0,0
1365,3506-LCJDC,1,0
1366,6284-KMNUF,0,0
1367,5228-EXCET,1,1
1368,2782-JEEBU,0,0
1369,5542-DHSXL,0,0
1370,0019-GFNTW,0,0
1371,2475-MROZF,0,0
1372,6394-HHHZM,0,0
1373,8485-GJCDN,1,1
1374,5130-YPIRV,0,0
1375,9408-SSNVZ,1,1
1376,6131-FOYAS,0,0
1377,8309-PPCED,0,0
1378,8634-MPHTR,1,1
1379,6924-TDGMT,0,0
1380,5628-FCGYG,0,1
1381,5268-DSMNQ,0,0
1382,7480-QNVZJ,1,0
1383,6127-IYJOZ,0,1
1384,4373-MAVJG,1,1
1385,6349-JDHQP,0,0
1386,7047-YXDMZ,0,0
1387,1518-VOWAV,1,0
1388,9298-WGMRW,0,0
1389,5447-VYTKW,0,0
1390,5998-VVEJY,1,1
1391,1099-BTKWT,0,0
1392,5356-KZCKT,0,0
1393,5160-UXJED,0,0
1394,3701-SFMUH,0,0
1395,9921-EZKBY,0,0
1396,3137-LUPIX,0,0
1397,2115-BFTIW,1,0
1398,0727-BNRLG,0,0
1399,8818-XYFCQ,1,0
1400,9888-ZCUMM,0,0
1401,5233-AOZUF,0,0
1402,1850-AKQEP,0,0
1403,7134-HBPBS,0,0
1404,5650-VDUDS,1,0
1405,9725-SCPZG,1,1
1406,9764-REAFF,0,0
1407,7964-YESJC,0,0
1408,4797-AXPXK,1,0
